[
  {
    "id": "p1",
    "title": "P1: Sample Title for Point 1"
  },
  {
    "id": "p2",
    "title": "P2: Sample Title for Point 2"
  },
  {
    "id": "p3",
    "title": "P3: Sample Title for Point 3"
  },
  {
    "id": "p4",
    "title": "P4: Sample Title for Point 4"
  },
  {
    "id": "p5",
    "title": "P5: Sample Title for Point 5"
  },
  {
    "id": "p6",
    "title": "P6: Sample Title for Point 6"
  },
  {
    "id": "p7",
    "title": "P7: Sample Title for Point 7"
  },
  {
    "id": "p8",
    "title": "P8: Sample Title for Point 8"
  },
  {
    "id": "p9",
    "title": "P9: Sample Title for Point 9"
  },
  {
    "id": "p10",
    "title": "P10: Sample Title for Point 10"
  },
  {
    "id": "p11",
    "title": "P11: Sample Title for Point 11"
  },
  {
    "id": "p12",
    "title": "P12: Sample Title for Point 12"
  },
  {
    "id": "p13",
    "title": "P13: Sample Title for Point 13"
  },
  {
    "id": "p14",
    "title": "P14: Sample Title for Point 14"
  },
  {
    "id": "p15",
    "title": "P15: Sample Title for Point 15"
  },
  {
    "id": "p16",
    "title": "P16: Sample Title for Point 16"
  }
]