{
  "questions": [
    {
      "type": "mcq",
      "question": "What is the capital of France?",
      "options": [
        "Paris",
        "Berlin",
        "London",
        "Madrid"
      ],
      "answer": "Paris"
    },
    {
      "type": "true_false",
      "question": "The sky is blue.",
      "answer": "True"
    },
    {
      "type": "fill_blank",
      "question": "_____ is the process of finding and fixing errors in software.",
      "answer": "Debugging"
    },
    {
      "type": "match",
      "question": "Match the terms",
      "pairs": {
        "HTML": "Markup",
        "CSS": "Style",
        "JavaScript": "Logic"
      }
    }
  ]
}